Year,"Fitness Club, Monthly Fee for 1 Adult",Tennis Court Rent (1 Hour on Weekend),"Cinema, International Release, 1 Seat"
2023,595.27,87.50,107.5
2022,728.82,188.33,100.0
2021,541.35,155.62,100.0
2020,514.19,179.44,100.0
2019,567.01,126.47,85.0
2018,476.75,132.62,80.0
2017,499.09,80.00,75.0
2016,530.39,95.00,67.25
2015,433.25,81.67,65.0
2014,440.91,-,60.0
2013,364.55,-,50.0
2012,385.0,45.00,45.0
2011,399.25,79.37,40.0
2010,300.0,-,25.0
